Source:;C:\work\github\vdatp\board\floater.sch;;;;;;
Date:;11.10.2023 09:11;;;;;;
Tool:;Eeschema 7.0.8;;;;;;
Generator:;C:\Program Files\KiCad\7.0\bin\scripting\plugins/bom_csv_grouped_by_value_with_fp.py;;;;;;
Component Count:;647;;;;;;
Ref;Qnty;Value;Cmp name;Footprint;Description;Vendor;DNP
"C101; C104; C106; C108; C201; C203; C204; C206; C209; C210; C213; C214; C215; C216; C219; C220; C223; C224; C227; C228; C231; C232; C235; C236; C239; C241; C247; C11001; C11003; C11004; C11006; C11009; C11010; C11013; C11014; C11015; C11016; C11019; C11020; C11023; C11024; C11027; C11028; C11031; C11032; C11035; C11036; C11039; C11041; C11047";50;4.7uF;C_Small;Capacitor_SMD:C_0603_1608Metric;"Unpolarized capacitor; small symbol";;
"C102; C103; C105; C107; C109; C110; C202; C205; C207; C208; C211; C212; C217; C218; C221; C222; C225; C226; C229; C230; C233; C234; C237; C238; C242; C243; C245; C246; C249; C250; C251; C307; C308; C309; C310; C316; C317; C11002; C11005; C11007; C11008; C11011; C11012; C11017; C11018; C11021; C11022; C11025; C11026; C11029; C11030; C11033; C11034; C11037; C11038; C11042; C11043; C11045; C11046; C11049; C11050; C11051";62;0.1uF;C_Small;Capacitor_SMD:C_0402_1005Metric;"Unpolarized capacitor; small symbol";;
"C301; C302";2;"10uF;50V";C_Small;Resistor_SMD:R_1210_3225Metric;"Unpolarized capacitor; small symbol";;
"C304; C305; C306; C315";4;"22uF;35V";C_Small;Capacitor_SMD:C_1210_3225Metric;"Unpolarized capacitor; small symbol";;
"C311; C312; C313; C314; C318; C319";6;22uF;C_Small;Capacitor_SMD:C_1210_3225Metric;"Unpolarized capacitor; small symbol";;
"C601; C701; C801; C901; C1001; C1101; C1201; C1301; C1401; C1501; C1601; C1701; C1801; C1901; C2001; C2101; C2201; C2301; C2401; C2501; C2601; C2701; C2801; C2901; C3001; C3101; C3201; C3301; C3401; C3501; C3601; C3701; C3801; C3901; C4001; C4101; C4201; C4301; C4401; C4501; C4601; C4701; C4801; C4901; C5001; C5101; C5201; C5301; C5401; C5501; C5601; C5701; C5801; C5901; C6001; C6101; C6201; C6301; C6401; C6501; C6601; C6701; C6801; C6901; C7001; C7101; C7201; C7301; C7401; C7501; C7601; C7701; C7801; C7901; C8001; C8101; C8201; C8301; C8401; C8501; C8601; C8701; C8801; C8901; C9001; C9101; C9201; C9301; C9401; C9501; C9601; C9701; C9801; C9901; C10001; C10101; C10201; C10301; C10401; C10501; C10702; C10802; C10902";103;"4.7uF; 35V";C_Small;Capacitor_SMD:C_1206_3216Metric;"Unpolarized capacitor; small symbol";;
"C602; C702; C802; C902; C1002; C1102; C1202; C1302; C1402; C1502; C1602; C1702; C1802; C1902; C2002; C2102; C2202; C2302; C2402; C2502; C2602; C2702; C2802; C2902; C3002; C3102; C3202; C3302; C3402; C3502; C3602; C3702; C3802; C3902; C4002; C4102; C4202; C4302; C4402; C4502; C4602; C4702; C4802; C4902; C5002; C5102; C5202; C5302; C5402; C5502; C5602; C5702; C5802; C5902; C6002; C6102; C6202; C6302; C6402; C6502; C6602; C6702; C6802; C6902; C7002; C7102; C7202; C7302; C7402; C7502; C7602; C7702; C7802; C7902; C8002; C8102; C8202; C8302; C8402; C8502; C8602; C8702; C8802; C8902; C9002; C9102; C9202; C9302; C9402; C9502; C9602; C9702; C9802; C9902; C10002; C10102; C10202; C10302; C10402; C10502";100;"0.1uF; 35V";C_Small;Capacitor_SMD:C_0805_2012Metric;"Unpolarized capacitor; small symbol";;
"C10701; C10801; C10901";3;"1uF; 16V";C_Small;Capacitor_SMD:C_0805_2012Metric;"Unpolarized capacitor; small symbol";;
"D10701; D10801; D10901";3;"2A; 100V";D_Schottky;holo:DO-220A;Schottky diode;;
"FB201; FB202; FB11001; FB11002";4;300R;Ferrite_Bead_Small-Device;Resistor_SMD:R_0402_1005Metric;;;
J101;1;JTAG;Conn_02x05_Odd_Even;Connector_PinHeader_2.54mm:PinHeader_2x05_P2.54mm_Vertical_Shrouded;"Generic connector; double row; 02x05; odd/even pin numbering scheme (row 1 odd numbers; row 2 even numbers); script generated (kicad-library-utils/schlib/autogen/connector/)";;
J102;1;Comms;Conn_01x08;Connector_Hirose:Hirose_DF13-08P-1.25DS_1x08_P1.25mm_Horizontal;"Generic connector; single row; 01x08; script generated (kicad-library-utils/schlib/autogen/connector/)";;
J301;1;Power ;Screw_Terminal_01x02;Connector_Molex:Molex_70555_RA_1x02_P2.54;"Generic screw terminal; single row; 01x02; script generated (kicad-library-utils/schlib/autogen/connector/)";;
"J10601; J10602; J10603; J10604";4;Screw_Terminal_01x06;Screw_Terminal_01x06;Connector_Hirose:Hirose_DF13-06P-1.25DS_1x06_P1.25mm_Horizontal;"Generic screw terminal; single row; 01x06; script generated (kicad-library-utils/schlib/autogen/connector/)";;
"JP201; JP202; JP11001; JP11002";4;SolderJumper_3_Bridged12;SolderJumper_3_Bridged12-Jumper;Jumper:SolderJumper-3_bridged12;;;
L301;1;2.0uH;L_Small;holo:NR8040;"Inductor; small symbol";;
L302;1;3.6uH;L_Small;holo:NR8040;"Inductor; small symbol";;
L303;1;4.7uH;L_Small;holo:NR8040;"Inductor; small symbol";;
"L10701; L10801; L10901";3;11.5uH;L_Small;holo:SRR6038;"Inductor; small symbol";;
"LS601; LS701; LS801; LS901; LS1001; LS1101; LS1201; LS1301; LS1401; LS1501; LS1601; LS1701; LS1801; LS1901; LS2001; LS2101; LS2201; LS2301; LS2401; LS2501; LS2601; LS2701; LS2801; LS2901; LS3001; LS3101; LS3201; LS3301; LS3401; LS3501; LS3601; LS3701; LS3801; LS3901; LS4001; LS4101; LS4201; LS4301; LS4401; LS4501; LS4601; LS4701; LS4801; LS4901; LS5001; LS5101; LS5201; LS5301; LS5401; LS5501; LS5601; LS5701; LS5801; LS5901; LS6001; LS6101; LS6201; LS6301; LS6401; LS6501; LS6601; LS6701; LS6801; LS6901; LS7001; LS7101; LS7201; LS7301; LS7401; LS7501; LS7601; LS7701; LS7801; LS7901; LS8001; LS8101; LS8201; LS8301; LS8401; LS8501; LS8601; LS8701; LS8801; LS8901; LS9001; LS9101; LS9201; LS9301; LS9401; LS9501; LS9601; LS9701; LS9801; LS9901; LS10001; LS10101; LS10201; LS10301; LS10401; LS10501";100;transducer_40kHz;Speaker_Ultrasound;holo:MSO-P1040H07T;Ultrasonic transducer;;
PS301;1;OKI-T36W-W40;OKI-T36W-W40;holo:OKI-T-36W-W40;;;
R101;1;330R;R_Small_US;Resistor_SMD:R_0402_1005Metric;"Resistor; small US symbol";;
"R102; R104; R201; R202; R203; R204; R205; R206; R207; R208; R209; R210; R11001; R11002; R11003; R11004; R11005; R11006; R11007; R11008; R11009; R11010";22;10K;R_Small_US;Resistor_SMD:R_0402_1005Metric;"Resistor; small US symbol";;
R103;1;1.0K;R_Small_US;Resistor_SMD:R_0402_1005Metric;"Resistor; small US symbol";;
"R105; R111; R112; R113; R114; R115; R116; R117; R118; R119; R135; R136; R137";13;0R;R_Small_US;Resistor_SMD:R_0402_1005Metric;"Resistor; small US symbol";;
R106;1;0R;R_Small_US;Jumper:SolderJumper-2_P1.3mm_Open_TrianglePad1.0x1.5mm;"Resistor; small US symbol";;
"R107; R108; R109; R110; R130; R131; R132";7;100R;R_Small_US;Resistor_SMD:R_0402_1005Metric;"Resistor; small US symbol";;
R120;1;24R9;R_Small_US;Resistor_SMD:R_0402_1005Metric;"Resistor; small US symbol";;
R121;1;50R;R_Small_US;Resistor_SMD:R_0402_1005Metric;"Resistor; small US symbol";;
"R122; R123; R124; R125; R126; R127; R128; R129";8;SOT;R_Small_US;Resistor_SMD:R_0402_1005Metric;"Resistor; small US symbol";;
"R133; R134";2;25R;R_Small_US;Resistor_SMD:R_0402_1005Metric;"Resistor; small US symbol";;
R301;1;52R21;R_Small_US;Resistor_SMD:R_0603_1608Metric;"Resistor; small US symbol";;
"R302; R303; R309";3;100K;R_Small_US;Resistor_SMD:R_0402_1005Metric;"Resistor; small US symbol";;
R304;1;47K;R_Small_US;Resistor_SMD:R_0402_1005Metric;"Resistor; small US symbol";;
R305;1;5.0K;R_Small_US;Resistor_SMD:R_0402_1005Metric;"Resistor; small US symbol";;
R306;1;10.31K;R_Small_US;Resistor_SMD:R_0402_1005Metric;"Resistor; small US symbol";;
"R307; R310";2;75K;R_Small_US;Resistor_SMD:R_0402_1005Metric;"Resistor; small US symbol";;
R308;1;27.6K;R_Small_US;Resistor_SMD:R_0402_1005Metric;"Resistor; small US symbol";;
R311;1;14.46K;R_Small_US;Resistor_SMD:R_0402_1005Metric;"Resistor; small US symbol";;
"R10701; R10801; R10901";3;20K;R_Small_US;Resistor_SMD:R_0402_1005Metric;"Resistor; small US symbol";;
"R10702; R10802; R10902";3;8.9K;R_Small_US;Resistor_SMD:R_0402_1005Metric;"Resistor; small US symbol";;
SBC401;1;Raspberry_Pi_2_3;Raspberry_Pi_2_3;Module:Raspberry_Pi_Zero_Socketed_THT_MountingHoles_SMT;expansion header for Raspberry Pi 2 & 3;;
SW101;1;SW_Push;SW_Push;Button_Switch_SMD:SW_SPST_KMR2;"Push button switch; generic; two pins";;
U101;1;AM26LV32CDR;AM26LV32xD;Package_SO:SOIC-16_3.9x9.9mm_P1.27mm;"32Mbps 3.3V RS485 Quad Line Receivers; SOIC-16";;
U102;1;AM26LV31;AM26LV31;Package_SO:SOIC-16_3.9x9.9mm_P1.27mm;;;
U103;1;EPCQ16A;EPCQ16A;Package_SO:SOIC-8_3.9x4.9mm_P1.27mm;;;
"U201; U11001";2;10CL010YE144C8G;10CL010YE144C8G;Package_QFP:EQFP-144-1EP_20x20mm_P0.5mm_EP6.7x6.7mm;;;
"U202; U11002";2;MIC5504-2.5YM5;MIC5504-2.5YM5;Package_TO_SOT_SMD:SOT-23-5;;;
"U204; U11004";2;S25FL128L;S25FL128L;Package_SO:SOIC-8_5.275x5.275mm_P1.27mm;;;
"U301; U302; U303";3;RT7263A;RT7263A;holo:SOP-EP-8_3.9x4.9mm_P1.27mm;;;
"U601; U701; U801; U901; U1001; U1101; U1201; U1301; U1401; U1501; U1601; U1701; U1801; U1901; U2001; U2101; U2201; U2301; U2401; U2501; U2601; U2701; U2801; U2901; U3001; U3101; U3201; U3301; U3401; U3501; U3601; U3701; U3801; U3901; U4001; U4101; U4201; U4301; U4401; U4501; U4601; U4701; U4801; U4901; U5001; U5101; U5201; U5301; U5401; U5501; U5601; U5701; U5801; U5901; U6001; U6101; U6201; U6301; U6401; U6501; U6601; U6701; U6801; U6901; U7001; U7101; U7201; U7301; U7401; U7501; U7601; U7701; U7801; U7901; U8001; U8101; U8201; U8301; U8401; U8501; U8601; U8701; U8801; U8901; U9001; U9101; U9201; U9301; U9401; U9501; U9601; U9701; U9801; U9901; U10001; U10101; U10201; U10301; U10401; U10501";100;TC4428A;TC4428A-Driver_FET;Package_SO:SO-8_3.9x4.9mm_P1.27mm;;;
"U10701; U10801; U10901";3;LM3414HV;LM3414;Package_SO:SOIC-8-1EP_3.9x4.9mm_P1.27mm_EP2.35x2.35mm;;;
X101;1;ASE-24.576MHz;ASE-xxxMHz;holo:ASFL1;"3.3V CMOS SMD Crystal Clock Oscillator; Abracon";;
